{"cameraMode":{"drawMode":0,"name":"Shaded","section":"Shading Mode"},"sceneLighting":false,"audioPlay":false,"sceneViewState":{"m_AlwaysRefresh":false,"showFog":true,"showSkybox":false,"showFlares":true,"showImageEffects":true,"showParticleSystems":true,"showVisualEffectGraphs":true,"m_FxEnabled":true},"in2DMode":false,"pivot":{"x":3.0126430988311769,"y":5.555169105529785,"z":8.274362564086914},"rotation":{"x":0.019549453631043435,"y":-0.9705362915992737,"z":-0.22488142549991609,"w":-0.08436524122953415},"size":0.6062179207801819,"orthographic":false}